{"_runtime":119.352996854,"_wandb":{"runtime":535},"value_loss":0.020618446171283722,"episode":0,"_timestamp":1.7464416629281034e+09,"_step":1,"episode_reward":0,"policy_loss":-0.03785022720694542,"step":0}