{"_runtime":68.597852873,"_step":0,"policy_loss":0.090042345225811,"value_loss":0.026708725839853287,"episode":0,"step":0,"_wandb":{"runtime":235},"_timestamp":1.7464410674059663e+09}