{"value_loss":0.004197251051664352,"_step":2,"episode":0,"episode_reward":0,"_wandb":{"runtime":1046},"policy_loss":-0.04033638536930084,"_timestamp":1.7464424763649302e+09,"step":5,"_runtime":390.644994386}