{"_timestamp":1.7464467800001762e+09,"_runtime":2888.815778111,"_step":0,"_wandb":{"runtime":2910},"policy_loss":0.01154359895735979,"value_loss":0.0004359217418823391,"episode":0,"step":0}