{"_step":0,"policy_loss":-0.014955777674913406,"value_loss":0.01722545735538006,"_wandb":{"runtime":49},"step":0,"_timestamp":1.746427015050192e+09,"_runtime":30.547569485}