{"episode_reward":0,"episode":0,"policy_loss":-0.04507332295179367,"_timestamp":1.7464279839391994e+09,"step":5,"_runtime":345.980051846,"_step":2,"value_loss":0.003948390018194914,"_wandb":{"runtime":12292}}