{"policy_loss":0.0813785195350647,"_runtime":85.157573149,"value_loss":0.10253462195396423,"step":0,"_step":1,"_timestamp":1.7464407582460415e+09,"episode":0,"episode_reward":0,"_wandb":{"runtime":309}}